Wikidata Page,Name,Residence,Gender,Occupation,Long,Lat
http://www.wikidata.org/entity/Q43915852,Alexander Anderson,Edinburgh,Male,Advocate,-3.1989 ,55.95
http://www.wikidata.org/entity/Q43915915,Alexander Boig,Gorbals,Male,Advocate,-4.25211 ,55.8486
http://www.wikidata.org/entity/Q43914644,David Prymrois,Edinburgh,Male,Advocate,-3.1989 ,55.95
http://www.wikidata.org/entity/Q43916111,Henry Nisbet,Edinburgh,Male,Advocate,-3.1989 ,55.95
http://www.wikidata.org/entity/Q43912061,John Harper,Lanark,Male,Advocate,-3.77702 ,55.6749
http://www.wikidata.org/entity/Q43916097,John Moscrop,Edinburgh,Male,Advocate,-3.1989 ,55.95
http://www.wikidata.org/entity/Q43915087,Robert Dalgleish,Lauriston,Male,Advocate,-3.196944444 ,55.945
http://www.wikidata.org/entity/Q43914007,Simon MacKenzie,Inverness,Male,Advocate,-4.225833333 ,57.483888888
http://www.wikidata.org/entity/Q43912496,Thomas Henderson,Auchendinny,Male,Advocate,-3.19215 ,55.8468
http://www.wikidata.org/entity/Q43913457,Thomas Hope,Craighall,Male,Advocate,-3.3374 ,56.5993
http://www.wikidata.org/entity/Q43913316,William Moneypenny,Edinburgh,Male,Advocate,-3.1989 ,55.95
http://www.wikidata.org/entity/Q43913871,Younger Thomas Hope,Craighall,Male,Advocate,-3.3374 ,56.5993
http://www.wikidata.org/entity/Q43913785,Rayatons Pringle,Haddington,Male,Assistant chief constable,-2.78332 ,55.95612
http://www.wikidata.org/entity/Q43915096,Alexander Calderwood,Dalkeith,Male,Bailie,-3.068332 ,55.893642
http://www.wikidata.org/entity/Q43912469,Alexander Cullen,Aberdeen,Male,Bailie,-2.1 ,57.15
http://www.wikidata.org/entity/Q43914213,Alexander Gibb,Bo'ness,Male,Bailie,-3.608911111 ,56.016811111
http://www.wikidata.org/entity/Q43911516,Alexander Henderson,Prestonpans,Male,Bailie,-2.961 ,55.9597
http://www.wikidata.org/entity/Q43913469,Alexander Heriot,Edinburgh,Male,Bailie,-3.1989 ,55.95
http://www.wikidata.org/entity/Q43914710,Alexander Hird,Chanonry Point,Male,Bailie,-4.09861 ,57.5722
http://www.wikidata.org/entity/Q43911009,Alexander Jaffry,Aberdeen,Male,Bailie,-2.1 ,57.15
http://www.wikidata.org/entity/Q43915668,Alexander Muir,Peebles,Male,Bailie,-3.18 ,55.65
http://www.wikidata.org/entity/Q43911365,Alexander Swinton,Haddington,Male,Bailie,-2.78332 ,55.95612
http://www.wikidata.org/entity/Q43915524,Alexander Turnbull,Longniddry,Male,Bailie,-2.88333 ,55.9667
http://www.wikidata.org/entity/Q43912648,Alexander Younger,Falkland,Male,Bailie,-3.2 ,56.25
http://www.wikidata.org/entity/Q43915055,Allan Dunlop,Irvine,Male,Bailie,-4.661111111 ,55.619444444
http://www.wikidata.org/entity/Q43913721,Andrew Davis,Crail,Male,Bailie,-2.6263 ,56.2608
http://www.wikidata.org/entity/Q43913735,Andrew Dickson,Inverkeithing,Male,Bailie,-3.383333333 ,56.033333333
http://www.wikidata.org/entity/Q43914061,Andrew MacKenzie,Melbost,Male,Bailie,-6.32167 ,58.21
http://www.wikidata.org/entity/Q43914467,Archibald Harket,Dysart,Male,Bailie,-3.1254 ,56.1256
http://www.wikidata.org/entity/Q43913208,Archibald Mercer,Culross,Male,Bailie,-3.6293 ,56.0554
http://www.wikidata.org/entity/Q43915437,Archibald Tod,Leith,Male,Bailie,-3.17005 ,55.9801
http://www.wikidata.org/entity/Q43915457,Archibald Turnbull,Tranent,Male,Bailie,-2.95417 ,55.9447
http://www.wikidata.org/entity/Q43915638,Charles Lauder,Lauderdale,Male,Bailie,-2.74889 ,55.73
http://www.wikidata.org/entity/Q43916015,Clement Con,Edinburgh,Male,Bailie,-3.1989 ,55.95
http://www.wikidata.org/entity/Q43913467,David Aikenhead,Edinburgh,Male,Bailie,-3.1989 ,55.95
http://www.wikidata.org/entity/Q43912534,David Carmichael,Abernethy,Male,Bailie,-3.310927777 ,56.326491666
http://www.wikidata.org/entity/Q43915425,David Crystie,Dysart,Male,Bailie,-3.1254 ,56.1256
http://www.wikidata.org/entity/Q43912484,David Dickson,Forfar,Male,Bailie,-2.89 ,56.643055555
http://www.wikidata.org/entity/Q43910809,David Donaldson,Brechin,Male,Bailie,-2.655277777 ,56.73
http://www.wikidata.org/entity/Q43913891,David Fergushill,Ayr,Male,Bailie,-4.6278 ,55.4639
http://www.wikidata.org/entity/Q43911522,David Kyle,Haddington,Male,Bailie,-2.78332 ,55.95612
http://www.wikidata.org/entity/Q43914836,David Pearson,Arbroath,Male,Bailie,-2.585705555 ,56.561386111
http://www.wikidata.org/entity/Q43915969,David Seton,Tranent,Male,Bailie,-2.95417 ,55.9447
http://www.wikidata.org/entity/Q43912417,David Wintoun,Newburgh,Male,Bailie,-3.2383 ,56.3517
http://www.wikidata.org/entity/Q43911468,Duddingston,Pittenweem,Male,Bailie,-2.728611111 ,56.213055555
http://www.wikidata.org/entity/Q43910804,Dugald Jameson,Brechin,Male,Bailie,-2.655277777 ,56.73
http://www.wikidata.org/entity/Q43911581,Duncan Mconlea,Rothesay,Male,Bailie,-5.05 ,55.833333333
http://www.wikidata.org/entity/Q43911879,Edward Little,South Queensferry,Male,Bailie,-3.4 ,55.9875
http://www.wikidata.org/entity/Q43913144,Findlay Fraser,Inverness,Male,Bailie,-4.225833333 ,57.483888888
http://www.wikidata.org/entity/Q43915963,Gabriel Cuningham,Glasgow,Male,Bailie,-4.27 ,55.87
http://www.wikidata.org/entity/Q43913186,George Adamson,Dunbar,Male,Bailie,-2.522777777 ,55.998333333
http://www.wikidata.org/entity/Q43915867,George Baillie,Leith,Male,Bailie,-3.17005 ,55.9801
http://www.wikidata.org/entity/Q43913888,George Cochrane,Ayr,Male,Bailie,-4.6278 ,55.4639
http://www.wikidata.org/entity/Q43912786,George Home,"Kames, Argyll",Male,Bailie,-5.24306 ,55.8919
http://www.wikidata.org/entity/Q43915010,George Logie,South Queensferry,Male,Bailie,-3.4 ,55.9875
http://www.wikidata.org/entity/Q43913726,George Moncreiff,Crail,Male,Bailie,-2.6263 ,56.2608
http://www.wikidata.org/entity/Q43914658,George Moscrop,Jedburgh,Male,Bailie,-2.546 ,55.477
http://www.wikidata.org/entity/Q43912412,George Orme,Newburgh,Male,Bailie,-3.2383 ,56.3517
http://www.wikidata.org/entity/Q43914354,George Printoun,South Queensferry,Male,Bailie,-3.4 ,55.9875
http://www.wikidata.org/entity/Q43912007,George Purves,Dunbar,Male,Bailie,-2.522777777 ,55.998333333
http://www.wikidata.org/entity/Q43912009,George Rutherford,Dunbar,Male,Bailie,-2.522777777 ,55.998333333
http://www.wikidata.org/entity/Q43912012,George Sinclair,Dunbar,Male,Bailie,-2.522777777 ,55.998333333
http://www.wikidata.org/entity/Q43913263,George Winzett,Renfrew,Male,Bailie,-4.366666666 ,55.866666666
http://www.wikidata.org/entity/Q43910651,Gideon Fathie,Lanark,Male,Bailie,-3.77702 ,55.6749
http://www.wikidata.org/entity/Q43915751,Gideon Jack,Lanark,Male,Bailie,-3.77702 ,55.6749
http://www.wikidata.org/entity/Q43913928,Gilbert MacMount,Ayr,Male,Bailie,-4.6278 ,55.4639
http://www.wikidata.org/entity/Q43914623,Gilbert Muir,Leith,Male,Bailie,-3.17005 ,55.9801
http://www.wikidata.org/entity/Q43915446,Hugh Douglas,Niddry,Male,Bailie,-3.458308 ,55.949861
http://www.wikidata.org/entity/Q43912870,James Batrum,Haddington,Male,Bailie,-2.78332 ,55.95612
http://www.wikidata.org/entity/Q43914306,James Brown,Musselburgh,Male,Bailie,-3.0472 ,55.9433
http://www.wikidata.org/entity/Q43913938,James Chalmer,Ayr,Male,Bailie,-4.6278 ,55.4639
http://www.wikidata.org/entity/Q43911939,James Cockburn,"Skirling, Scottish Borders",Male,Bailie,-3.4704351 ,55.635882
http://www.wikidata.org/entity/Q43912600,James Dempster,Kinross,Male,Bailie,-3.42 ,56.2
http://www.wikidata.org/entity/Q43915846,James Eleis,Edinburgh,Male,Bailie,-3.1989 ,55.95
http://www.wikidata.org/entity/Q43912002,James Forrest,Dunbar,Male,Bailie,-2.522777777 ,55.998333333
http://www.wikidata.org/entity/Q43913580,James Gibb,Bo'ness,Male,Bailie,-3.608911111 ,56.016811111
http://www.wikidata.org/entity/Q43914356,James Hill,South Queensferry,Male,Bailie,-3.4 ,55.9875
http://www.wikidata.org/entity/Q43914446,James Horseburgh,Peebles,Male,Bailie,-3.18 ,55.65
http://www.wikidata.org/entity/Q43913761,James Manderson,Haddington,Male,Bailie,-2.78332 ,55.95612
http://www.wikidata.org/entity/Q43912730,James Pedie,Montrose,Male,Bailie,-2.605833333 ,56.708055555
http://www.wikidata.org/entity/Q43914215,James Ramsay,Tranent,Male,Bailie,-2.95417 ,55.9447
http://www.wikidata.org/entity/Q43913211,James Sandilands,Mid Calder,Male,Bailie,-3.481 ,55.8918
http://www.wikidata.org/entity/Q43910857,James Scott,Selkirk,Male,Bailie,-2.833333333 ,55.533333333
http://www.wikidata.org/entity/Q43915057,James White,Irvine,Male,Bailie,-4.661111111 ,55.619444444
http://www.wikidata.org/entity/Q43912463,John Ayton,Haddington,Male,Bailie,-2.78332 ,55.95612
http://www.wikidata.org/entity/Q43912544,John Balvard,Abernethy,Male,Bailie,-3.310927777 ,56.326491666
http://www.wikidata.org/entity/Q43911145,John Brown,Dysart,Male,Bailie,-3.1254 ,56.1256
http://www.wikidata.org/entity/Q43913682,John Burgess,Dumfries,Male,Bailie,-3.616666666 ,55.066666666
http://www.wikidata.org/entity/Q43915468,John Calderwood,Musselburgh,Male,Bailie,-3.0472 ,55.9433
http://www.wikidata.org/entity/Q43915711,John Corsan,Ayr,Male,Bailie,-4.6278 ,55.4639
http://www.wikidata.org/entity/Q43914410,John Cruickshank,Galashiels,Male,Bailie,-2.818888888 ,55.620555555
http://www.wikidata.org/entity/Q43913719,John Davis,Crail,Male,Bailie,-2.6263 ,56.2608
http://www.wikidata.org/entity/Q43915911,John Dickson,Potterrow,Male,Bailie,-3.1784 ,55.9459
http://www.wikidata.org/entity/Q43915854,John Halliday,Culross,Male,Bailie,-3.6293 ,56.0554
http://www.wikidata.org/entity/Q43911877,John Hart,South Queensferry,Male,Bailie,-3.4 ,55.9875
http://www.wikidata.org/entity/Q43913069,John Inglis,Nairn,Male,Bailie,-3.866666666 ,57.583333333
http://www.wikidata.org/entity/Q43914714,John Kaird,Dingwall,Male,Bailie,-4.427777777 ,57.597222222
http://www.wikidata.org/entity/Q43913022,John Maitland,Lauder,Male,Bailie,-2.74855 ,55.7194
http://www.wikidata.org/entity/Q43915726,John Osburne,Ayr,Male,Bailie,-4.6278 ,55.4639
http://www.wikidata.org/entity/Q43912027,John Rutherford,Prestonpans,Male,Bailie,-2.961 ,55.9597
http://www.wikidata.org/entity/Q43914852,John Simpson,Burntisland,Male,Bailie,-3.233333333 ,56.05
http://www.wikidata.org/entity/Q43914152,John Sleich,Haddington,Male,Bailie,-2.78332 ,55.95612
http://www.wikidata.org/entity/Q43910611,John Stalker,Dirleton,Male,Bailie,-2.785 ,56.048
http://www.wikidata.org/entity/Q43913065,John Tulloch,Nairn,Male,Bailie,-3.866666666 ,57.583333333
http://www.wikidata.org/entity/Q43914838,Johnne Hailis,Arbroath,Male,Bailie,-2.585705555 ,56.561386111
http://www.wikidata.org/entity/Q43911472,Lundine,Pittenweem,Male,Bailie,-2.728611111 ,56.213055555
http://www.wikidata.org/entity/Q43912642,Mungo Duddingston,Falkland,Male,Bailie,-3.2 ,56.25
http://www.wikidata.org/entity/Q43911610,Ninian Ker,Rothesay,Male,Bailie,-5.05 ,55.833333333
http://www.wikidata.org/entity/Q43910649,Patrick Craig,Lanark,Male,Bailie,-3.77702 ,55.6749
http://www.wikidata.org/entity/Q43911550,Patrick Hepburn,Haddington,Male,Bailie,-2.78332 ,55.95612
http://www.wikidata.org/entity/Q43912732,Patrick Scott,Montrose,Male,Bailie,-2.605833333 ,56.708055555
http://www.wikidata.org/entity/Q43910796,Patrick Young,Haddington,Male,Bailie,-2.78332 ,55.95612
http://www.wikidata.org/entity/Q43915519,Patrik Eleis,Leith,Male,Bailie,-3.17005 ,55.9801
http://www.wikidata.org/entity/Q43913068,Robert Bain,Nairn,Male,Bailie,-3.866666666 ,57.583333333
http://www.wikidata.org/entity/Q43914581,Robert Baxter,Clerkington,Male,Bailie,-2.791277 ,55.944189
http://www.wikidata.org/entity/Q43913489,Robert Buchanan,Stirling,Male,Bailie,-3.9369 ,56.1166
http://www.wikidata.org/entity/Q43914304,Robert Calderwood,Musselburgh,Male,Bailie,-3.0472 ,55.9433
http://www.wikidata.org/entity/Q43911537,Robert Douglas,Musselburgh,Male,Bailie,-3.0472 ,55.9433
http://www.wikidata.org/entity/Q43914350,Robert Hill,South Queensferry,Male,Bailie,-3.4 ,55.9875
http://www.wikidata.org/entity/Q43912245,Robert Johnston,Stirling,Male,Bailie,-3.9369 ,56.1166
http://www.wikidata.org/entity/Q43914150,Robert Learmonth,Haddington,Male,Bailie,-2.78332 ,55.95612
http://www.wikidata.org/entity/Q43914386,Robert Mitchelson,Dalkeith,Male,Bailie,-3.068332 ,55.893642
http://www.wikidata.org/entity/Q43912728,Robert Ronald,Montrose,Male,Bailie,-2.605833333 ,56.708055555
http://www.wikidata.org/entity/Q43913486,Robert Russell,Stirling,Male,Bailie,-3.9369 ,56.1166
http://www.wikidata.org/entity/Q43914657,Robert Rutherford,Jedburgh,Male,Bailie,-2.546 ,55.477
http://www.wikidata.org/entity/Q43911535,Robert Strachan,Musselburgh,Male,Bailie,-3.0472 ,55.9433
http://www.wikidata.org/entity/Q43916133,Roger Kirkpatrick,Dumfries,Male,Bailie,-3.616666666 ,55.066666666
http://www.wikidata.org/entity/Q43912388,Samuel Lauder,Eyemouth,Male,Bailie,-2.090555555 ,55.869444444
http://www.wikidata.org/entity/Q43911884,Samuel Wilson,South Queensferry,Male,Bailie,-3.4 ,55.9875
http://www.wikidata.org/entity/Q43915386,Thomas Corsbie,Dunbar,Male,Bailie,-2.522777777 ,55.998333333
http://www.wikidata.org/entity/Q43912482,Thomas Guthrie,Forfar,Male,Bailie,-2.89 ,56.643055555
http://www.wikidata.org/entity/Q43911512,Thomas Home,Prestonpans,Male,Bailie,-2.961 ,55.9597
http://www.wikidata.org/entity/Q43914211,Thomas Knox,Bo'ness,Male,Bailie,-3.608911111 ,56.016811111
http://www.wikidata.org/entity/Q43914622,Thomas Leishman,Leith,Male,Bailie,-3.17005 ,55.9801
http://www.wikidata.org/entity/Q43913664,Thomas MacBrair,Dumfries,Male,Bailie,-3.616666666 ,55.066666666
http://www.wikidata.org/entity/Q43911882,Thomas Wilson,South Queensferry,Male,Bailie,-3.4 ,55.9875
http://www.wikidata.org/entity/Q43913453,Walter Smart,Musselburgh,Male,Bailie,-3.0472 ,55.9433
http://www.wikidata.org/entity/Q43914854,William,Burntisland,Male,Bailie,-3.233333333 ,56.05
http://www.wikidata.org/entity/Q43915857,William Aitken,Culross,Male,Bailie,-3.6293 ,56.0554
http://www.wikidata.org/entity/Q43916219,William Dunlop,Glasgow,Male,Bailie,-4.27 ,55.87
http://www.wikidata.org/entity/Q43912364,William Ferguson,Dirleton,Male,Bailie,-2.785 ,56.048
http://www.wikidata.org/entity/Q43911941,William Lowes,Peebles,Male,Bailie,-3.18 ,55.65
http://www.wikidata.org/entity/Q43914338,William Mabine,Galashiels,Male,Bailie,-2.818888888 ,55.620555555
http://www.wikidata.org/entity/Q43911487,William Roberton,Prestonpans,Male,Bailie,-2.961 ,55.9597
http://www.wikidata.org/entity/Q43914470,Willliam Simpson,Dysart,Male,Bailie,-3.1254 ,56.1256
http://www.wikidata.org/entity/Q43912024,Alexander Cairns,Dunbar,Male,Beadle,-2.522777777 ,55.998333333
http://www.wikidata.org/entity/Q43913421,Peter Blackburn,Aberdeen,Male,Bishop,-2.1 ,57.15
http://www.wikidata.org/entity/Q43914985,William Cooper,New Galloway,Male,Bishop,-4.140305 ,55.075756
http://www.wikidata.org/entity/Q43915956,Adam Clark,Prestonpans,Male,Blacksmith,-2.961 ,55.9597
http://www.wikidata.org/entity/Q43911033,Alexander (Sanders) Menzies,Aberdeen,Male,Burgess,-2.1 ,57.15
http://www.wikidata.org/entity/Q43916103,Alexander Napier,Edinburgh,Male,Burgess,-3.1989 ,55.95
http://www.wikidata.org/entity/Q43916124,Alexander Ritchie,Banff,Male,Burgess,-2.524 ,57.667
http://www.wikidata.org/entity/Q43914800,Andrew MacCulloch,Tain,Male,Burgess,-4.0567 ,57.8118
http://www.wikidata.org/entity/Q43916104,Andrew Napier,Edinburgh,Male,Burgess,-3.1989 ,55.95
http://www.wikidata.org/entity/Q43911619,Archibald Glass,Rothesay,Male,Burgess,-5.05 ,55.833333333
http://www.wikidata.org/entity/Q43911642,Colin Stewart,Rothesay,Male,Burgess,-5.05 ,55.833333333
http://www.wikidata.org/entity/Q43912310,David Falconer,St Andrews,Male,Burgess,-2.798888888 ,56.338888888
http://www.wikidata.org/entity/Q43914961,James Adamson,Perth,Male,Burgess,-3.4317 ,56.3953
http://www.wikidata.org/entity/Q43911342,John Anderson,Inverkeithing,Male,Burgess,-3.383333333 ,56.033333333
http://www.wikidata.org/entity/Q43914847,John Arnott,Edinburgh,Male,Burgess,-3.1989 ,55.95
http://www.wikidata.org/entity/Q43911334,John Bairdie,Inverkeithing,Male,Burgess,-3.383333333 ,56.033333333
http://www.wikidata.org/entity/Q43915922,John Dynning,Glasgow,Male,Burgess,-4.27 ,55.87
http://www.wikidata.org/entity/Q43911606,John Gray,Rothesay,Male,Burgess,-5.05 ,55.833333333
http://www.wikidata.org/entity/Q43911612,John Kelburn,Rothesay,Male,Burgess,-5.05 ,55.833333333
http://www.wikidata.org/entity/Q43911612,John Kelburn,Rothesay,Male,Burgess,-5.05 ,55.833333333
http://www.wikidata.org/entity/Q43916076,John Lawson,Glasgow,Male,Burgess,-4.27 ,55.87
http://www.wikidata.org/entity/Q43916186,John Pow,Haddington,Male,Burgess,-2.78332 ,55.95612
http://www.wikidata.org/entity/Q43916191,Richard White,Haddington,Male,Burgess,-2.78332 ,55.95612
http://www.wikidata.org/entity/Q43911617,Robert Beith,Rothesay,Male,Burgess,-5.05 ,55.833333333
http://www.wikidata.org/entity/Q43911339,Thomas Thomson,Inverkeithing,Male,Burgess,-3.383333333 ,56.033333333
http://www.wikidata.org/entity/Q43911336,William Blackburn,Inverkeithing,Male,Burgess,-3.383333333 ,56.033333333
http://www.wikidata.org/entity/Q43912566,William Mitchell,Selkirk,Male,Burgess,-2.833333333 ,55.533333333
http://www.wikidata.org/entity/Q43912296,David Mitchell,Kincardine,Male,Chamberlain,-3.719 ,56.069
http://www.wikidata.org/entity/Q43914079,George Pringle,Haddington,Male,Chamberlain,-2.78332 ,55.95612
http://www.wikidata.org/entity/Q43910609,James Borthwick,Dirleton,Male,Chamberlain,-2.785 ,56.048
http://www.wikidata.org/entity/Q43912049,John Row,"Carrington, Midlothian",Male,Chamberlain,-3.0903 ,55.8328
http://www.wikidata.org/entity/Q43913857,Alexander Dick,Haddington,Male,Clerk,-2.78332 ,55.95612
http://www.wikidata.org/entity/Q43912464,George Gray,Haddington,Male,Clerk,-2.78332 ,55.95612
http://www.wikidata.org/entity/Q43916183,George Paterson,Haddington,Male,Clerk,-2.78332 ,55.95612
http://www.wikidata.org/entity/Q43913216,James Kennowie,Fife,Male,Clerk,-3.2 ,56.25
http://www.wikidata.org/entity/Q43911177,James Meldrum,Alloa,Male,Clerk,-3.8 ,56.116666666
http://www.wikidata.org/entity/Q43913396,James Mowat,Fawside,Male,Clerk,-2.257039 ,56.883724
http://www.wikidata.org/entity/Q43911602,John Auld,Rothesay,Male,Clerk,-5.05 ,55.833333333
http://www.wikidata.org/entity/Q43911599,John Boyle,Rothesay,Male,Clerk,-5.05 ,55.833333333
http://www.wikidata.org/entity/Q43910833,John Cruill,Montrose,Male,Clerk,-2.605833333 ,56.708055555
http://www.wikidata.org/entity/Q43915491,Leonard Houstoun,Duns,Male,Clerk,-2.3426 ,55.7784
http://www.wikidata.org/entity/Q43912947,David Stewart,Moray,Male,Commissary,-3.25 ,57.4167
http://www.wikidata.org/entity/Q43913025,Harry Home,Lauder,Male,Commissary,-2.74855 ,55.7194
http://www.wikidata.org/entity/Q43912278,Alexander Munro,Stirling,Male,Commissioner,-3.9369 ,56.1166
http://www.wikidata.org/entity/Q43913855,George Wallace,"Preston, East Lothian",Male,Constable,-2.979 ,55.9547
http://www.wikidata.org/entity/Q43913836,John Forrester,Tranent,Male,Constable,-2.95417 ,55.9447
http://www.wikidata.org/entity/Q43913850,John Hepburn,Haddington,Male,Constable,-2.78332 ,55.95612
http://www.wikidata.org/entity/Q43913849,Robert Donaldson,Prestonpans,Male,Constable,-2.961 ,55.9597
http://www.wikidata.org/entity/Q43913775,Robert Wait,Stenton,Male,Constable,-2.6 ,55.95
http://www.wikidata.org/entity/Q43913772,William Manderson,Stenton,Male,Constable,-2.6 ,55.95
http://www.wikidata.org/entity/Q43915566,Alexander Kairne,Edinburgh,Male,Cook,-3.1989 ,55.95
http://www.wikidata.org/entity/Q43914778,David Munro,Caithness,Male,Deputy commander for political affairs and political staff,-3.5 ,58.416666666
http://www.wikidata.org/entity/Q43913971,Thomas Alexander,Kirkcudbright,Male,Deputy mayor,-4.051666666 ,54.835277777
http://www.wikidata.org/entity/Q43910646,Alexander Lindsay,Douglas,Male,Domestic worker,-3.85 ,55.55
http://www.wikidata.org/entity/Q43911247,Andrew Reid,Pollok,Male,Domestic worker,-4.3524 ,55.8247
http://www.wikidata.org/entity/Q43910592,John Cantlie,Lauderdale,Male,Domestic worker,-2.74889 ,55.73
http://www.wikidata.org/entity/Q43911245,Lawrence Pollock,Pollok,Male,Domestic worker,-4.3524 ,55.8247
http://www.wikidata.org/entity/Q43915697,Thomas Hynde,Eyemouth,Male,Domestic worker,-2.090555555 ,55.869444444
http://www.wikidata.org/entity/Q43910641,William Lockhart,Douglas,Male,Domestic worker,-3.85 ,55.55
http://www.wikidata.org/entity/Q43912033,David Cowie,Prestonpans,Male,Drysalter,-2.961 ,55.9597
http://www.wikidata.org/entity/Q43913608,Archibald Reid,Bo'ness,Male,Dyer,-3.608911111 ,56.016811111
http://www.wikidata.org/entity/Q43911179,David Morrison,Alloa,Male,Elder,-3.8 ,56.116666666
http://www.wikidata.org/entity/Q43911790,David Samuel,Kirkliston,Male,Elder,-3.4 ,55.95
http://www.wikidata.org/entity/Q43911496,Hector Woods,Prestonpans,Male,Elder,-2.961 ,55.9597
http://www.wikidata.org/entity/Q43916167,James Stratton,Eyemouth,Male,Elder,-2.090555555 ,55.869444444
http://www.wikidata.org/entity/Q43911492,John Clerk,Prestonpans,Male,Elder,-2.961 ,55.9597
http://www.wikidata.org/entity/Q43912354,John Hardie,Livingston,Male,Elder,-3.5157 ,55.8834
http://www.wikidata.org/entity/Q43911196,John Kerrie,Alloa,Male,Elder,-3.8 ,56.116666666
http://www.wikidata.org/entity/Q43911109,John Pottinger,Orkney Islands,Male,Elder,-3.0 ,59.0
http://www.wikidata.org/entity/Q43913479,John Scott,Dysart,Male,Elder,-3.1254 ,56.1256
http://www.wikidata.org/entity/Q43911298,John Tunn,Balmain,Male,Elder,-2.5773 ,56.8422
http://www.wikidata.org/entity/Q43911755,Patrick Findlay,Newburgh,Male,Elder,-3.2383 ,56.3517
http://www.wikidata.org/entity/Q43911120,Patrick Smith,Braco,Male,Elder,-3.8801 ,56.2636
http://www.wikidata.org/entity/Q43913873,Richard Trimble,Tranent,Male,Elder,-2.95417 ,55.9447
http://www.wikidata.org/entity/Q43913409,Robert Cock,Pittenweem,Male,Elder,-2.728611111 ,56.213055555
http://www.wikidata.org/entity/Q43911493,Robert Drummond,Prestonpans,Male,Elder,-2.961 ,55.9597
http://www.wikidata.org/entity/Q43911194,Thomas Mitchell,Alloa,Male,Elder,-3.8 ,56.116666666
http://www.wikidata.org/entity/Q43912357,Thomas Scritoun,"Kirkton, Scottish Borders",Male,Elder,-2.7291 ,55.4166
http://www.wikidata.org/entity/Q43913865,Walter Scott,Haddington,Male,Elder,-2.78332 ,55.95612
http://www.wikidata.org/entity/Q43911295,William Reid,Logie Coldstone,Male,Elder,-2.93528 ,57.1267
http://www.wikidata.org/entity/Q43911236,David Kennedy,Pollok,Male,Gardener,-4.3524 ,55.8247
http://www.wikidata.org/entity/Q43915686,Duncan Kendla,Eyemouth,Male,Guard,-2.090555555 ,55.869444444
http://www.wikidata.org/entity/Q43911508,Andrew Rutherford,Prestonpans,Male,Head Teacher,-2.961 ,55.9597
http://www.wikidata.org/entity/Q43913235,James Hunter,Carnwath,Male,Head Teacher,-3.625 ,55.7006
http://www.wikidata.org/entity/Q43913605,John Heisbit,Bo'ness,Male,Head Teacher,-3.608911111 ,56.016811111
http://www.wikidata.org/entity/Q43913738,John Weymss,Fife,Male,Head Teacher,-3.2 ,56.25
http://www.wikidata.org/entity/Q43913473,Patrick Twick,Haddington,Male,Head Teacher,-2.78332 ,55.95612
http://www.wikidata.org/entity/Q43913816,Steven Bannatyne,West Barns,Male,Head Teacher,-2.553 ,55.9937
http://www.wikidata.org/entity/Q43913425,Thomas Cargill,Aberdeen,Male,Head Teacher,-2.1 ,57.15
http://www.wikidata.org/entity/Q43915361,Thomas Chalmer,Dalkeith,Male,Head Teacher,-3.068332 ,55.893642
http://www.wikidata.org/entity/Q43913552,William Cockburn (2),Lothian,Male,Head Teacher,-3.0844 ,55.9092
http://www.wikidata.org/entity/Q43913752,Alexander John,Edinburgh,Male,Justice of the peace,-3.1989 ,55.95
http://www.wikidata.org/entity/Q43913846,Andrew Mar,Haddington,Male,Justice of the peace,-2.78332 ,55.95612
http://www.wikidata.org/entity/Q43911187,Bruce,"Kennet, Clackmannanshire",Male,Justice of the peace,-3.72778 ,56.1
http://www.wikidata.org/entity/Q43911184,Henry Bruce,Clackmannan,Male,Justice of the peace,-3.74652 ,56.1091
http://www.wikidata.org/entity/Q43913749,Richard Clifton,Edinburgh,Male,Justice of the peace,-3.1989 ,55.95
http://www.wikidata.org/entity/Q43913833,Robert Rodgers,Gladsmuir,Male,Justice of the peace,-2.86667 ,55.9333
http://www.wikidata.org/entity/Q43913768,Thomas Simmell,Haddington,Male,Justice of the peace,-2.78332 ,55.95612
http://www.wikidata.org/entity/Q43913284,Lewis Stewart,Edinburgh,Male,Lawyer,-3.1989 ,55.95
http://www.wikidata.org/entity/Q43913311,Roger Mowat,Edinburgh,Male,Lawyer,-3.1989 ,55.95
http://www.wikidata.org/entity/Q43913843,Alexander Pae,Eyemouth,Male,Maltman,-2.090555555 ,55.869444444
http://www.wikidata.org/entity/Q43913599,Richard Hardie,Bo'ness,Male,Maltman,-3.608911111 ,56.016811111
http://www.wikidata.org/entity/Q43913607,Robert Doun,Bo'ness,Male,Maltman,-3.608911111 ,56.016811111
http://www.wikidata.org/entity/Q43913348,James Crawford,Greenock,Male,Merchant,-4.766666666 ,55.95
http://www.wikidata.org/entity/Q43916160,John Linkletter,Kirkwall,Male,Merchant,-2.96 ,58.9811
http://www.wikidata.org/entity/Q43915122,John Mowbray,Edinburgh,Male,Merchant,-3.1989 ,55.95
http://www.wikidata.org/entity/Q43912392,John Robinson,Eyemouth,Male,Merchant,-2.090555555 ,55.869444444
http://www.wikidata.org/entity/Q43912395,Thomas Robinson,Eyemouth,Male,Merchant,-2.090555555 ,55.869444444
http://www.wikidata.org/entity/Q43915139,William Blackwood,Edinburgh,Male,Merchant,-3.1989 ,55.95
http://www.wikidata.org/entity/Q43912004,William Kirkwood,Dunbar,Male,Merchant,-2.522777777 ,55.998333333
http://www.wikidata.org/entity/Q43915134,William Weir,Edinburgh,Male,Merchant,-3.1989 ,55.95
http://www.wikidata.org/entity/Q4693114,Agnes Sampson,Nether Keith,Female,Midwife,-2.875695 ,55.871933
http://www.wikidata.org/entity/Q43913572,John Fowler,Humbie,Male,Miller,-2.86735 ,55.8544
http://www.wikidata.org/entity/Q43913454,Adam Colt,Inveresk,Male,Minister,-3.0468 ,55.9366
http://www.wikidata.org/entity/Q43911744,Adam Penman,Cockpen,Male,Minister,-3.089 ,55.8618
http://www.wikidata.org/entity/Q43914909,Alexander Ambrois,Newbattle,Male,Minister,-3.0775 ,55.8817
http://www.wikidata.org/entity/Q43911931,Alexander Dickson,Kirkurd,Male,Minister,-3.3889174 ,55.684214
http://www.wikidata.org/entity/Q43910684,Alexander Dunlop,Greenock,Male,Minister,-4.766666666 ,55.95
http://www.wikidata.org/entity/Q43911446,Alexander Edward,Crail,Male,Minister,-2.6263 ,56.2608
http://www.wikidata.org/entity/Q43910969,Alexander Gibson,Canisbay,Male,Minister,-3.123 ,58.632
http://www.wikidata.org/entity/Q43911395,Alexander Glass,Auchtermuchty,Male,Minister,-3.23745 ,56.2898
http://www.wikidata.org/entity/Q43911892,Alexander Greig,Drumelzier,Male,Minister,-3.3726 ,55.5939
http://www.wikidata.org/entity/Q43910998,Alexander Hutchison,Troqueer,Male,Minister,-3.60622 ,55.0583
http://www.wikidata.org/entity/Q43911855,Alexander Keith,Uphall,Male,Minister,-3.5077 ,55.9309
http://www.wikidata.org/entity/Q43913368,Alexander King,Bonhill,Male,Minister,-4.5705 ,55.9828
http://www.wikidata.org/entity/Q43913678,Alexander Kinneir,Whitsome,Male,Minister,-2.21667 ,55.75
http://www.wikidata.org/entity/Q43911448,Alexander Leslie,Anstruther,Male,Minister,-2.70274 ,56.2234
http://www.wikidata.org/entity/Q43913745,Alexander Nisbet,Irvine,Male,Minister,-4.661111111 ,55.619444444
http://www.wikidata.org/entity/Q43911410,Alexander Pitcairn,Kilmany,Male,Minister,-3.0 ,56.3667
http://www.wikidata.org/entity/Q43910854,Alexander Ramsay,Strathmartine,Male,Minister,-2.9974 ,56.5013
http://www.wikidata.org/entity/Q43910900,Alexander Ross,Insch,Male,Minister,-2.61302 ,57.341
http://www.wikidata.org/entity/Q43913590,Alexander Smith,Chirnside,Male,Minister,-2.209 ,55.8021
http://www.wikidata.org/entity/Q43910638,Alexander Somerville,Dolphinton,Male,Minister,-3.41667 ,55.7
http://www.wikidata.org/entity/Q43910939,Alexander Symmer,Duffus,Male,Minister,-3.4 ,57.7
http://www.wikidata.org/entity/Q43911944,Alexander Trotter,Tweedsmuir,Male,Minister,-3.41667 ,55.5
http://www.wikidata.org/entity/Q43910994,Alexander Veitch,Dumfries,Male,Minister,-3.616666666 ,55.066666666
http://www.wikidata.org/entity/Q43911381,Andrew Bennet,Creich,Male,Minister,-3.08893 ,56.3787
http://www.wikidata.org/entity/Q43914901,Andrew Blackhall,Inveresk,Male,Minister,-3.0468 ,55.9366
http://www.wikidata.org/entity/Q43911442,Andrew Bruce,"Carnbee, Scotland",Male,Minister,-2.75 ,56.25
http://www.wikidata.org/entity/Q43911462,Andrew Burn,Anstruther,Male,Minister,-2.70274 ,56.2234
http://www.wikidata.org/entity/Q43911327,Andrew Cant,Liberton,Male,Minister,-3.1619 ,55.9144
http://www.wikidata.org/entity/Q43911425,Andrew Duncan,Crail,Male,Minister,-2.6263 ,56.2608
http://www.wikidata.org/entity/Q43914328,Andrew Fairfoul,North Leith,Male,Minister,-3.1809 ,55.9758
http://www.wikidata.org/entity/Q43913913,Andrew Hutchison,Stewarton,Male,Minister,-4.515 ,55.68
http://www.wikidata.org/entity/Q43911866,Andrew Keir,Carriden,Male,Minister,-3.566848 ,56.009756
http://www.wikidata.org/entity/Q43913258,Andrew Learmouth,Liberton,Male,Minister,-3.1619 ,55.9144
http://www.wikidata.org/entity/Q43910953,Andrew Makghie,Aberlady,Male,Minister,-2.86 ,56.01
http://www.wikidata.org/entity/Q43910884,Andrew Playfair,Aberdalgie,Male,Minister,-3.492391111 ,56.364218055
http://www.wikidata.org/entity/Q43912344,Andrew Pringle,"Castleton, Scottish Borders",Male,Minister,-2.8142 ,55.1795
http://www.wikidata.org/entity/Q43910688,Andrew Turner,Erskine,Male,Minister,-4.46234 ,55.9005
http://www.wikidata.org/entity/Q43915995,Archibald Moncreiff,Abernethy,Male,Minister,-3.310927777 ,56.326491666
http://www.wikidata.org/entity/Q43911762,Archibald Turner,Borthwick,Male,Minister,-3.0112 ,55.8251
http://www.wikidata.org/entity/Q43915107,Charles Lumsden,Duddingston,Male,Minister,-3.14673 ,55.9416
http://www.wikidata.org/entity/Q43914194,Christopher Knowes,Coldingham,Male,Minister,-2.156753 ,55.886672
http://www.wikidata.org/entity/Q43911257,David Balsillie,Corstorphine,Male,Minister,-3.2854 ,55.9429
http://www.wikidata.org/entity/Q43910707,David Brown,Neilston,Male,Minister,-4.4234 ,55.7847
http://www.wikidata.org/entity/Q43911720,David Calderwood,Pencaitland,Male,Minister,-2.89098 ,55.91
http://www.wikidata.org/entity/Q43910793,David Campbell,Menmuir,Male,Minister,-2.767259 ,56.768806
http://www.wikidata.org/entity/Q43911390,David Dalgleish,Cupar,Male,Minister,-3.01155 ,56.3194
http://www.wikidata.org/entity/Q43911871,David Drummond,Linlithgow,Male,Minister,-3.610555555 ,55.975277777
http://www.wikidata.org/entity/Q43910732,David Elphinstone,Dumbarton,Male,Minister,-4.547222222 ,55.948611111
http://www.wikidata.org/entity/Q43915872,David Forrester,North Leith,Male,Minister,-3.1809 ,55.9758
http://www.wikidata.org/entity/Q43913620,David Home,"Ladykirk, Scottish Borders",Male,Minister,-2.18333 ,55.7167
http://www.wikidata.org/entity/Q43910801,David Ochterlony,Oathlaw,Male,Minister,-2.858838 ,56.695459
http://www.wikidata.org/entity/Q43911387,David Orme,Monimail,Male,Minister,-3.135731 ,56.314974
http://www.wikidata.org/entity/Q43911451,David Taylor,Anstruther,Male,Minister,-2.70274 ,56.2234
http://www.wikidata.org/entity/Q43910892,David Wemyss,Scone,Male,Minister,-3.404 ,56.4179
http://www.wikidata.org/entity/Q43913102,David Wightman,Terregles,Male,Minister,-3.676 ,55.079
http://www.wikidata.org/entity/Q43910860,David Williamson,Kilspindie,Male,Minister,-3.26587 ,56.4162
http://www.wikidata.org/entity/Q43910948,Donald Fraser,"Urquhart, Moray",Male,Minister,-3.18333 ,57.6333
http://www.wikidata.org/entity/Q43911308,Donald Walker,Dyce,Male,Minister,-2.192 ,57.2031
http://www.wikidata.org/entity/Q43911393,Edward Jameson,Monimail,Male,Minister,-3.135731 ,56.314974
http://www.wikidata.org/entity/Q43910897,Edward Richardson,Forteviot,Male,Minister,-3.5351 ,56.3394
http://www.wikidata.org/entity/Q43911859,Ephraim Melville,South Queensferry,Male,Minister,-3.4 ,55.9875
http://www.wikidata.org/entity/Q43912710,Gabriel Sempill,Kirkpatrick Durham,Male,Minister,-3.89629 ,55.011
http://www.wikidata.org/entity/Q43910746,George Belfrage,Carnock,Male,Minister,-3.54 ,56.084
http://www.wikidata.org/entity/Q43910628,George Bennet,Quothquan,Male,Minister,-3.59972 ,55.6386
http://www.wikidata.org/entity/Q43910739,George Colden,Kinross,Male,Minister,-3.42 ,56.2
http://www.wikidata.org/entity/Q43910985,George Dick,Glenluce,Male,Minister,-4.811 ,54.878
http://www.wikidata.org/entity/Q43910980,George Duncan,Walls,Male,Minister,-1.56 ,60.23
http://www.wikidata.org/entity/Q43910769,George Gillespie,Coaltown of Wemyss,Male,Minister,-3.089 ,56.151
http://www.wikidata.org/entity/Q43911421,George Gledstanes,St Andrews,Male,Minister,-2.798888888 ,56.338888888
http://www.wikidata.org/entity/Q43910896,George Haliburton,Perth,Male,Minister,-3.4317 ,56.3953
http://www.wikidata.org/entity/Q43911853,George Inglis,Bathgate,Male,Minister,-3.6431 ,55.9024
http://www.wikidata.org/entity/Q43911833,George Kintore,Penicuik,Male,Minister,-3.22 ,55.826
http://www.wikidata.org/entity/Q43910729,George Leslie,"Blantyre, South Lanarkshire",Male,Minister,-4.097 ,55.793
http://www.wikidata.org/entity/Q43912099,George Moodie,Fala,Male,Minister,-2.88333 ,55.8333
http://www.wikidata.org/entity/Q43910962,George Oswald,Dunnet,Male,Minister,-3.34 ,58.62
http://www.wikidata.org/entity/Q43913513,George Rule,Longformacus,Male,Minister,-2.49212 ,55.8078
http://www.wikidata.org/entity/Q43911368,George Thomson,Kilmany,Male,Minister,-3.0 ,56.3667
http://www.wikidata.org/entity/Q43911746,Gideon Penman,Crichton,Male,Minister,-2.98249 ,55.8471
http://www.wikidata.org/entity/Q43911788,Gilbert Hall,Kirkliston,Male,Minister,-3.4 ,55.95
http://www.wikidata.org/entity/Q43914042,Harry Forbes,Auldearn,Male,Minister,-3.81595 ,57.5765
http://www.wikidata.org/entity/Q43910975,Hector Munro,"Watten, Highland",Male,Minister,-3.3008 ,58.4753
http://www.wikidata.org/entity/Q43911166,Henry Guthrie,Stirling,Male,Minister,-3.9369 ,56.1166
http://www.wikidata.org/entity/Q43911139,Henry Livingston,Kippen,Male,Minister,-4.173 ,56.127
http://www.wikidata.org/entity/Q43910753,Henry Smith,Hill of Beath,Male,Minister,-3.3681 ,56.0958
http://www.wikidata.org/entity/Q43910972,Hugh Corse,"Bower, Highland",Male,Minister,-3.313 ,58.5472
http://www.wikidata.org/entity/Q43911911,Hugh Ker,Lyne,Male,Minister,-3.2711 ,55.6563
http://www.wikidata.org/entity/Q43916195,Hugh Peebles,Lochwinnoch,Male,Minister,-4.62856 ,55.7925
http://www.wikidata.org/entity/Q43910986,James Blair,Portpatrick,Male,Minister,-5.12429 ,54.845
http://www.wikidata.org/entity/Q43910691,James Brisbane,Kilmacolm,Male,Minister,-4.62708 ,55.8941
http://www.wikidata.org/entity/Q43912092,James Calderwood,Humbie,Male,Minister,-2.86735 ,55.8544
http://www.wikidata.org/entity/Q43911458,James Chalmers,Elie,Male,Minister,-2.82228 ,56.19257
http://www.wikidata.org/entity/Q43911897,James Dickson,"Broughton, Scottish Borders",Male,Minister,-3.4114 ,55.6157
http://www.wikidata.org/entity/Q43910630,James Douglas,Carnwath,Male,Minister,-3.625 ,55.7006
http://www.wikidata.org/entity/Q43913436,James Drummond,Muthill,Male,Minister,-3.83395 ,56.33
http://www.wikidata.org/entity/Q43913449,James Edmonstone,Perth,Male,Minister,-3.4317 ,56.3953
http://www.wikidata.org/entity/Q43911815,James Fairlie,Lasswade,Male,Minister,-3.11667 ,55.8833
http://www.wikidata.org/entity/Q43913743,James Ferguson,Kilwinning,Male,Minister,-4.7 ,55.65
http://www.wikidata.org/entity/Q43912810,James Gillespie,Rhynd,Male,Minister,-3.36614 ,56.3648
http://www.wikidata.org/entity/Q43913920,James Glendinning,Largs,Male,Minister,-4.863611111 ,55.793888888
http://www.wikidata.org/entity/Q43910835,James Granger,Kinneff,Male,Minister,-2.23847 ,56.8647
http://www.wikidata.org/entity/Q43911401,James Hadow,Cupar,Male,Minister,-3.01155 ,56.3194
http://www.wikidata.org/entity/Q43911690,James Haistie,Temple,Male,Minister,-3.08333 ,55.8
http://www.wikidata.org/entity/Q43910617,James Hamilton,Lesmahagow,Male,Minister,-3.887 ,55.638
http://www.wikidata.org/entity/Q43916116,James Law,Glasgow,Male,Minister,-4.27 ,55.87
http://www.wikidata.org/entity/Q43910989,James Lowrie,Stoneykirk,Male,Minister,-4.983 ,54.817
http://www.wikidata.org/entity/Q43911412,James Melville,Anstruther,Male,Minister,-2.70274 ,56.2234
http://www.wikidata.org/entity/Q43911102,James Morrison,Evie and Rendall,Male,Minister,-3.0966 ,59.0677
http://www.wikidata.org/entity/Q43910893,James Oliphant,Kinnoull,Male,Minister,-3.418 ,56.403
http://www.wikidata.org/entity/Q43911726,James Porteous,Borthwick,Male,Minister,-3.0112 ,55.8251
http://www.wikidata.org/entity/Q43911707,James Robertson,Cranston,Male,Minister,-2.9752 ,55.8846
http://www.wikidata.org/entity/Q43913910,James Rowat,Kilmarnock,Male,Minister,-4.494444444 ,55.611666666
http://www.wikidata.org/entity/Q43910760,James Simpson,Kirkcaldy,Male,Minister,-3.167369444 ,56.110730555
http://www.wikidata.org/entity/Q43911173,James Spence,Alva,Male,Minister,-3.79957 ,56.153
http://www.wikidata.org/entity/Q43910718,James Stirling,Barony,Male,Minister,-4.241562 ,55.858276
http://www.wikidata.org/entity/Q43910676,James Taylor,Greenock,Male,Minister,-4.766666666 ,55.95
http://www.wikidata.org/entity/Q43911384,James Wedderburn,Moonzie,Male,Minister,-3.062 ,56.345
http://www.wikidata.org/entity/Q43913221,James Wilson,Dysart,Male,Minister,-3.1254 ,56.1256
http://www.wikidata.org/entity/Q43911685,John Adamson,Liberton,Male,Minister,-3.1619 ,55.9144
http://www.wikidata.org/entity/Q43915283,John Aird,Newbattle,Male,Minister,-3.0775 ,55.8817
http://www.wikidata.org/entity/Q43911430,John Auchenleck,Lower Largo,Male,Minister,-2.941 ,56.214
http://www.wikidata.org/entity/Q43911239,John Baird,Paisley,Male,Minister,-4.433333333 ,55.85
http://www.wikidata.org/entity/Q43912699,John Blackadder,Troqueer,Male,Minister,-3.60622 ,55.0583
http://www.wikidata.org/entity/Q43911848,John Book,Kirkliston,Male,Minister,-3.4 ,55.95
http://www.wikidata.org/entity/Q43911435,John Carmichael,Kilconquhar,Male,Minister,-2.81667 ,56.2
http://www.wikidata.org/entity/Q43911399,John Carsan,Abdie,Male,Minister,-3.199161 ,56.333495
http://www.wikidata.org/entity/Q43914371,John Cleland,Stow,Male,Minister,-2.8621 ,55.6918
http://www.wikidata.org/entity/Q43911169,John Craigengelt,Alloa,Male,Minister,-3.8 ,56.116666666
http://www.wikidata.org/entity/Q43910991,John Crooks,New Luce,Male,Minister,-4.852 ,54.944
http://www.wikidata.org/entity/Q43910622,John Currie,"Coulter, South Lanarkshire",Male,Minister,-3.54972 ,55.5897
http://www.wikidata.org/entity/Q43912350,John Davidson,Southdean,Male,Minister,-2.5835 ,55.3761
http://www.wikidata.org/entity/Q43910737,John Duncan,Culross,Male,Minister,-3.6293 ,56.0554
http://www.wikidata.org/entity/Q43914840,John Duncunson,Stirling,Male,Minister,-3.9369 ,56.1166
http://www.wikidata.org/entity/Q43911865,John Dunlop,East Calder,Male,Minister,-3.4667 ,55.9
http://www.wikidata.org/entity/Q43914017,John Erskine,St Cyrus,Male,Minister,-2.4158 ,56.775
http://www.wikidata.org/entity/Q43913442,John Fairbairn (Freebairn),Madderty,Male,Minister,-3.7 ,56.3667
http://www.wikidata.org/entity/Q43910950,John Gordon,Kiltearn,Male,Minister,-4.3356 ,57.6639
http://www.wikidata.org/entity/Q43910888,John Hall,Kilspindie,Male,Minister,-3.26587 ,56.4162
http://www.wikidata.org/entity/Q43910681,John Hamilton,Inverkip,Male,Minister,-4.8735 ,55.912
http://www.wikidata.org/entity/Q43910640,John Home,Lesmahagow,Male,Minister,-3.887 ,55.638
http://www.wikidata.org/entity/Q43911728,John Knox,"Carrington, Midlothian",Male,Minister,-3.0903 ,55.8328
http://www.wikidata.org/entity/Q43912342,John Lauder,Tyninghame,Male,Minister,-2.62638889 ,56.00277778
http://www.wikidata.org/entity/Q43912685,John Laurie,Penpont,Male,Minister,-3.8142 ,55.2325
http://www.wikidata.org/entity/Q43911741,John Logan,Fala,Male,Minister,-2.88333 ,55.8333
http://www.wikidata.org/entity/Q43910925,John Logie,Rathven,Male,Minister,-2.934 ,57.678
http://www.wikidata.org/entity/Q43912352,John Lothian,Livingston,Male,Minister,-3.5157 ,55.8834
http://www.wikidata.org/entity/Q43911436,John MacBirnie,Crail,Male,Minister,-2.6263 ,56.2608
http://www.wikidata.org/entity/Q43913099,John MacMurdo,Torthorwald,Male,Minister,-3.51447 ,55.0892
http://www.wikidata.org/entity/Q43909845,John Makghie,Dirleton,Male,Minister,-2.785 ,56.048
http://www.wikidata.org/entity/Q43911835,John Makmath,Lasswade,Male,Minister,-3.11667 ,55.8833
http://www.wikidata.org/entity/Q43910871,John Malcolm,Perth,Male,Minister,-3.4317 ,56.3953
http://www.wikidata.org/entity/Q43910966,John Munro,Halkirk,Male,Minister,-3.49 ,58.51
http://www.wikidata.org/entity/Q43913096,John Nisbet,New Abbey,Male,Minister,-3.61943 ,54.9799
http://www.wikidata.org/entity/Q43914912,John Nymball,Cranston,Male,Minister,-2.9752 ,55.8846
http://www.wikidata.org/entity/Q43913104,John Oswald,Prestonpans,Male,Minister,-2.961 ,55.9597
http://www.wikidata.org/entity/Q43910726,John Paisley,Lochwinnoch,Male,Minister,-4.62856 ,55.7925
http://www.wikidata.org/entity/Q43913584,John Park,Carriden,Male,Minister,-3.566848 ,56.009756
http://www.wikidata.org/entity/Q43912712,John Reid,Lochrutton Loch,Male,Minister,-3.7257 ,55.039
http://www.wikidata.org/entity/Q43910865,John Robertson,Perth,Male,Minister,-3.4317 ,56.3953
http://www.wikidata.org/entity/Q43911093,John Ross,Lumphanan,Male,Minister,-2.68667 ,57.1281
http://www.wikidata.org/entity/Q43910764,John Smith,Leslie,Male,Minister,-3.21145 ,56.202
http://www.wikidata.org/entity/Q43913091,John Somerville,Caerlaverock,Male,Minister,-3.5256 ,54.977
http://www.wikidata.org/entity/Q43911564,John Stewart,Kingarth,Male,Minister,-5.03333 ,55.75
http://www.wikidata.org/entity/Q43910685,John Stirling,Greenock,Male,Minister,-4.766666666 ,55.95
http://www.wikidata.org/entity/Q43914980,John Straughan,Kincardine O'Neil,Male,Minister,-2.67399 ,57.0869
http://www.wikidata.org/entity/Q43910661,John Veitch,Roberton,Male,Minister,-3.65 ,55.5492
http://www.wikidata.org/entity/Q43910659,John Wilson,Crawford,Male,Minister,-3.658585 ,55.471864
http://www.wikidata.org/entity/Q43910598,Joseph Provan,Morham,Male,Minister,-2.7125 ,55.9444
http://www.wikidata.org/entity/Q43911901,Kenneth Logie,"Skirling, Scottish Borders",Male,Minister,-3.4704351 ,55.635882
http://www.wikidata.org/entity/Q43911682,Lucas Sonsie,"Carrington, Midlothian",Male,Minister,-3.0903 ,55.8328
http://www.wikidata.org/entity/Q43913484,Mathias Simpson,Stirling,Male,Minister,-3.9369 ,56.1166
http://www.wikidata.org/entity/Q43913703,Matthew Carraill,Edrom,Male,Minister,-2.17 ,55.79
http://www.wikidata.org/entity/Q43913930,Matthew Mowat,Kilmarnock,Male,Minister,-4.494444444 ,55.611666666
http://www.wikidata.org/entity/Q43913466,Michael Crainstorm,Cramond,Male,Minister,-3.3 ,55.9667
http://www.wikidata.org/entity/Q43910933,Murdo MacKenzie,Elgin,Male,Minister,-3.315277777 ,57.646388888
http://www.wikidata.org/entity/Q43914906,Nathaniel Harlaw,Ormiston,Male,Minister,-2.94306 ,55.9122
http://www.wikidata.org/entity/Q43911419,Nicol Dalgleish,Pittenweem,Male,Minister,-2.728611111 ,56.213055555
http://www.wikidata.org/entity/Q43911135,Nicoll White,Dunrossness,Male,Minister,-1.30389 ,59.9381
http://www.wikidata.org/entity/Q43911739,Oliver Colt,Inveresk,Male,Minister,-3.0468 ,55.9366
http://www.wikidata.org/entity/Q43913942,Patrick Colville,Beith,Male,Minister,-4.6319 ,55.7533
http://www.wikidata.org/entity/Q43911486,Patrick Cook,Prestonpans,Male,Minister,-2.961 ,55.9597
http://www.wikidata.org/entity/Q43911988,Patrick Cooper,Pittenweem,Male,Minister,-2.728611111 ,56.213055555
http://www.wikidata.org/entity/Q43910927,Patrick Darg,Fordyce,Male,Minister,-2.74653 ,57.6618
http://www.wikidata.org/entity/Q43911898,Patrick Fleming,Stobo,Male,Minister,-3.297777777 ,55.625
http://www.wikidata.org/entity/Q43911917,Patrick Purdie,"Newlands, Scottish Borders",Male,Minister,-2.187 ,55.851
http://www.wikidata.org/entity/Q43910734,Patrick Ramsay,Old Kilpatrick,Male,Minister,-4.4593 ,55.925
http://www.wikidata.org/entity/Q43910695,Patrick Simpson,Renfrew,Male,Minister,-4.366666666 ,55.866666666
http://www.wikidata.org/entity/Q43914904,Patrick Turner,Borthwick,Male,Minister,-3.0112 ,55.8251
http://www.wikidata.org/entity/Q43911115,Patrick Waterston,Orphir,Male,Minister,-3.15 ,58.9333
http://www.wikidata.org/entity/Q43913747,Ralph Rodgers,Ardrossan,Male,Minister,-4.8097 ,55.6432
http://www.wikidata.org/entity/Q43910673,Richard Inglis,Douglas,Male,Minister,-3.85 ,55.55
http://www.wikidata.org/entity/Q43913156,Robert Balcanquhal,Tranent,Male,Minister,-2.95417 ,55.9447
http://www.wikidata.org/entity/Q43913232,Robert Birnie,Lanark,Male,Minister,-3.77702 ,55.6749
http://www.wikidata.org/entity/Q43911980,Robert Brown,"Broughton, Scottish Borders",Male,Minister,-3.4114 ,55.6157
http://www.wikidata.org/entity/Q43910743,Robert Bruce,Ballingry,Male,Minister,-3.33333 ,56.15
http://www.wikidata.org/entity/Q43911818,Robert Carson,Newton,Male,Minister,-3.069835 ,55.917035
http://www.wikidata.org/entity/Q43911457,Robert Cleland,Kilrenny,Male,Minister,-2.68333 ,56.2333
http://www.wikidata.org/entity/Q43911851,Robert Cornwall,Linlithgow,Male,Minister,-3.610555555 ,55.975277777
http://www.wikidata.org/entity/Q43910756,Robert Edmonstone,Dunfermline,Male,Minister,-3.461666666 ,56.071388888
http://www.wikidata.org/entity/Q43911959,Robert Elliot,West Linton,Male,Minister,-3.3554 ,55.7526
http://www.wikidata.org/entity/Q43911017,Robert Howie,Aberdeen,Male,Minister,-2.1 ,57.15
http://www.wikidata.org/entity/Q43910946,Robert Jameson,Cairneyhill,Male,Minister,-3.53333 ,56.05
http://www.wikidata.org/entity/Q43910667,Robert Ker,Haddington,Male,Minister,-2.78332 ,55.95612
http://www.wikidata.org/entity/Q43912327,Robert Martin,"Eckford, Scottish Borders",Male,Minister,-2.46667 ,55.5167
http://www.wikidata.org/entity/Q43910723,Robert Miller,Port Glasgow,Male,Minister,-4.69 ,55.94
http://www.wikidata.org/entity/Q43911823,Robert Mowat,Temple,Male,Minister,-3.08333 ,55.8
http://www.wikidata.org/entity/Q43913088,Robert Paton,Dumfries,Male,Minister,-3.616666666 ,55.066666666
http://www.wikidata.org/entity/Q43911863,Robert Row,Abercorn,Male,Minister,-3.466666666 ,55.983333333
http://www.wikidata.org/entity/Q43910601,Robert Rowan,"Penninghame, Wigtownshire",Male,Minister,-4.4853 ,54.9579
http://www.wikidata.org/entity/Q43911924,Robert Scott,Eddleston,Male,Minister,-3.20651 ,55.712
http://www.wikidata.org/entity/Q43910662,Robert Semphil,Lesmahagow,Male,Minister,-3.887 ,55.638
http://www.wikidata.org/entity/Q43910712,Robert Taylor,Houston,Male,Minister,-4.552069444 ,55.866969444
http://www.wikidata.org/entity/Q43910606,Samuel Spalding,"Parton, Dumfries and Galloway",Male,Minister,-4.042 ,55.008
http://www.wikidata.org/entity/Q43912334,Thomas Abernethy,Hownam,Male,Minister,-2.3519 ,55.4657
http://www.wikidata.org/entity/Q43913900,Thomas Bell,Irvine,Male,Minister,-4.661111111 ,55.619444444
http://www.wikidata.org/entity/Q43910698,Thomas Blackwell,Paisley,Male,Minister,-4.433333333 ,55.85
http://www.wikidata.org/entity/Q43911414,Thomas Buchanan,Ceres,Male,Minister,-2.971445 ,56.29205
http://www.wikidata.org/entity/Q43910786,Thomas Cooper,Montrose,Male,Minister,-2.605833333 ,56.708055555
http://www.wikidata.org/entity/Q43911730,Thomas Copland,Temple,Male,Minister,-3.08333 ,55.8
http://www.wikidata.org/entity/Q43910886,Thomas Haliburton,Errol,Male,Minister,-3.21321 ,56.3915
http://www.wikidata.org/entity/Q43910603,Thomas Kerr,Wigtown,Male,Minister,-4.443888888 ,54.8675
http://www.wikidata.org/entity/Q43913859,Thomas Kirkaldie,Tranent,Male,Minister,-2.95417 ,55.9447
http://www.wikidata.org/entity/Q43910929,Thomas Law,Elgin,Male,Minister,-3.315277777 ,57.646388888
http://www.wikidata.org/entity/Q43911985,Thomas Lindsay,Walston,Male,Minister,-3.5 ,55.7
http://www.wikidata.org/entity/Q43913543,Thomas Ramsay,"Foulden, Scottish Borders",Male,Minister,-2.1148 ,55.7954
http://www.wikidata.org/entity/Q43911868,Thomas Spittal,Falkirk,Male,Minister,-3.784444444 ,56.000555555
http://www.wikidata.org/entity/Q43911751,Thomas Tilideff,Foveran,Male,Minister,-2.03483 ,57.2994
http://www.wikidata.org/entity/Q43912332,Thomas Wilkie,Crailing,Male,Minister,-2.5 ,55.5
http://www.wikidata.org/entity/Q43912013,Thomas Wood,Dunbar,Male,Minister,-2.522777777 ,55.998333333
http://www.wikidata.org/entity/Q43913387,Thomas Wylie,Kirkcudbright,Male,Minister,-4.051666666 ,54.835277777
http://www.wikidata.org/entity/Q43911331,Walter Bruce,Inverkeithing,Male,Minister,-3.383333333 ,56.033333333
http://www.wikidata.org/entity/Q43911373,Walter Greig,Balmerino,Male,Minister,-3.043 ,56.411
http://www.wikidata.org/entity/Q43913734,Walter Griffe,Inverkeithing,Male,Minister,-3.383333333 ,56.033333333
http://www.wikidata.org/entity/Q43910767,William Bell,Auchtertool,Male,Minister,-3.25 ,56.1
http://www.wikidata.org/entity/Q43915125,William Calderwood,Dalkeith,Male,Minister,-3.068332 ,55.893642
http://www.wikidata.org/entity/Q43910937,William Clogie,Spynie,Male,Minister,-3.2952 ,57.667
http://www.wikidata.org/entity/Q14948908,William Colvill,Edinburgh,Male,Minister,-3.1989 ,55.95
http://www.wikidata.org/entity/Q43911407,William Greenlees,Cupar,Male,Minister,-3.01155 ,56.3194
http://www.wikidata.org/entity/Q43911831,William Hamilton,Cranston,Male,Minister,-2.9752 ,55.8846
http://www.wikidata.org/entity/Q43911455,William Hardie,St Andrews,Male,Minister,-2.798888888 ,56.338888888
http://www.wikidata.org/entity/Q43910959,William Innes,Thurso,Male,Minister,-3.521111111 ,58.596111111
http://www.wikidata.org/entity/Q43912326,William Jameson,Jedburgh,Male,Minister,-2.546 ,55.477
http://www.wikidata.org/entity/Q43911687,William Knox,Cockpen,Male,Minister,-3.089 ,55.8618
http://www.wikidata.org/entity/Q43910963,William Macbeth,Olrig,Male,Minister,-3.43011 ,58.5633
http://www.wikidata.org/entity/Q43910658,William Morton,Wiston,Male,Minister,-3.65694 ,55.5719
http://www.wikidata.org/entity/Q43910758,William Nairn,Dysart,Male,Minister,-3.1254 ,56.1256
http://www.wikidata.org/entity/Q43910741,William Oliphant,Dunfermline,Male,Minister,-3.461666666 ,56.071388888
http://www.wikidata.org/entity/Q43914894,William Penman,Crichton,Male,Minister,-2.98249 ,55.8471
http://www.wikidata.org/entity/Q43911404,William Pitcairn,Collessie,Male,Minister,-3.15 ,56.3
http://www.wikidata.org/entity/Q43911845,William Powrie,Abercorn,Male,Minister,-3.466666666 ,55.983333333
http://www.wikidata.org/entity/Q43910799,William Raitt,Brechin,Male,Minister,-2.655277777 ,56.73
http://www.wikidata.org/entity/Q43913921,William Rodgers,West Kilbride,Male,Minister,-4.8576 ,55.6966
http://www.wikidata.org/entity/Q43910863,William Row,Forgandenny,Male,Minister,-3.4775 ,56.34694444
http://www.wikidata.org/entity/Q43910669,William Somerville,Pettinain,Male,Minister,-3.6667 ,55.6667
http://www.wikidata.org/entity/Q43915568,William Spittal,Dysart,Male,Minister,-3.1254 ,56.1256
http://www.wikidata.org/entity/Q43915864,William Struthers,Edinburgh,Male,Minister,-3.1989 ,55.95
http://www.wikidata.org/entity/Q43911926,William Thomson,Traquair,Male,Minister,-3.06667 ,55.6
http://www.wikidata.org/entity/Q43910771,William Trent,Haddington,Male,Minister,-2.78332 ,55.95612
http://www.wikidata.org/entity/Q43911873,William Tweedie,Slamannan,Male,Minister,-3.833327777 ,55.937902777
http://www.wikidata.org/entity/Q43915863,William Wishart,Leith,Male,Minister,-3.17005 ,55.9801
http://www.wikidata.org/entity/Q43916012,Henry Elder,Perth,Male,Notary,-3.4317 ,56.3953
http://www.wikidata.org/entity/Q43916010,John Roife,Perth,Male,Notary,-3.4317 ,56.3953
http://www.wikidata.org/entity/Q43916040,Martin Logie,Ross and Cromarty,Male,Notary,-5.0 ,57.6667
http://www.wikidata.org/entity/Q43913352,Patrick Abernethy,Duns,Male,Notary,-2.3426 ,55.7784
http://www.wikidata.org/entity/Q43916005,Thomas Gaw,Perth,Male,Notary,-3.4317 ,56.3953
http://www.wikidata.org/entity/Q43910643,William Dalyell,Dirleton,Male,Notary,-2.785 ,56.048
http://www.wikidata.org/entity/Q43913895,James Lowdoun,Ayr,Male,Officer of the court,-4.6278 ,55.4639
http://www.wikidata.org/entity/Q43913893,John MacCrae,Ayr,Male,Officer of the court,-4.6278 ,55.4639
http://www.wikidata.org/entity/Q43915365,Thomas Hogg,Dalkeith,Male,Officer of the court,-3.068332 ,55.893642
http://www.wikidata.org/entity/Q43912029,William Atchiesone,Prestonpans,Male,Officer of the court,-2.961 ,55.9597
http://www.wikidata.org/entity/Q43915355,Archibald Gemmill,Dalkeith,Male,Ordinary,-3.068332 ,55.893642
http://www.wikidata.org/entity/Q43916017,Gilbert Moncreiff,Edinburgh,Male,Physician,-3.1989 ,55.95
http://www.wikidata.org/entity/Q43910704,Matthew Brisbane,Glasgow,Male,Physician,-4.27 ,55.87
http://www.wikidata.org/entity/Q43912398,Thomas Gray,Eyemouth,Male,Portioner,-2.090555555 ,55.869444444
http://www.wikidata.org/entity/Q43915890,John Crichton,Fala,Male,Presenter,-2.88333 ,55.8333
http://www.wikidata.org/entity/Q43913218,David Moir,Culross,Male,Procurator,-3.6293 ,56.0554
http://www.wikidata.org/entity/Q43913518,Abraham Stevenson,Orkney Islands,Male,Procurator fiscal,-3.0 ,59.0
http://www.wikidata.org/entity/Q43914155,John Wilkie,Haddington,Male,Procurator fiscal,-2.78332 ,55.95612
http://www.wikidata.org/entity/Q43913273,Robert Chalmer,Orkney Islands,Male,Procurator fiscal,-3.0 ,59.0
http://www.wikidata.org/entity/Q43913525,Robert Coltart,Orkney Islands,Male,Procurator fiscal,-3.0 ,59.0
http://www.wikidata.org/entity/Q43913277,Robert Scollay,Orkney Islands,Male,Procurator fiscal,-3.0 ,59.0
http://www.wikidata.org/entity/Q43915706,Adam Richie,Ayr,Male,Provost,-4.6278 ,55.4639
http://www.wikidata.org/entity/Q43911012,Alexander Chalmer,"Cults, Aberdeen",Male,Provost,-2.17387 ,57.1187
http://www.wikidata.org/entity/Q43912442,Alexander Rutherford,Aberdeen,Male,Provost,-2.1 ,57.15
http://www.wikidata.org/entity/Q43912480,Alexander Scott,Forfar,Male,Provost,-2.89 ,56.643055555
http://www.wikidata.org/entity/Q43912776,Douglas,Kilspindie,Male,Provost,-3.26587 ,56.4162
http://www.wikidata.org/entity/Q43912243,Duncan Nairn,Stirling,Male,Provost,-3.9369 ,56.1166
http://www.wikidata.org/entity/Q43915546,George Butler,Haddington,Male,Provost,-2.78332 ,55.95612
http://www.wikidata.org/entity/Q43913886,George Jameson,Ayr,Male,Provost,-4.6278 ,55.4639
http://www.wikidata.org/entity/Q43916217,George Porterfield,Glasgow,Male,Provost,-4.27 ,55.87
http://www.wikidata.org/entity/Q43913925,Gilbert Richard,Ayr,Male,Provost,-4.6278 ,55.4639
http://www.wikidata.org/entity/Q43915614,James Hall,Dumbarton,Male,Provost,-4.547222222 ,55.948611111
http://www.wikidata.org/entity/Q43911558,John Cockburn,Haddington,Male,Provost,-2.78332 ,55.95612
http://www.wikidata.org/entity/Q43912966,John Glass,Rothesay,Male,Provost,-5.05 ,55.833333333
http://www.wikidata.org/entity/Q43914450,John Lowes,Peebles,Male,Provost,-3.18 ,55.65
http://www.wikidata.org/entity/Q43915496,John MacCulloch,Tain,Male,Provost,-4.0567 ,57.8118
http://www.wikidata.org/entity/Q43915053,John Peebles,Irvine,Male,Provost,-4.661111111 ,55.619444444
http://www.wikidata.org/entity/Q43913389,John Quart,Kirkcudbright,Male,Provost,-4.051666666 ,54.835277777
http://www.wikidata.org/entity/Q43913265,John Spreull,Renfrew,Male,Provost,-4.366666666 ,55.866666666
http://www.wikidata.org/entity/Q43912186,John Tarbet,Dundee,Male,Provost,-2.97 ,56.464
http://www.wikidata.org/entity/Q43914713,Ronald Bain,Dingwall,Male,Provost,-4.427777777 ,57.597222222
http://www.wikidata.org/entity/Q43913675,Thomas MacBurnie,Dumfries,Male,Provost,-3.616666666 ,55.066666666
http://www.wikidata.org/entity/Q43916144,William Glendinning,Kirkcudbright,Male,Provost,-4.051666666 ,54.835277777
http://www.wikidata.org/entity/Q43915208,William Inglis,Inverkeithing,Male,Provost,-3.383333333 ,56.033333333
http://www.wikidata.org/entity/Q43913715,Alexander Wardrop,North Leith,Male,Reader,-3.1809 ,55.9758
http://www.wikidata.org/entity/Q43913482,James Craig,Dysart,Male,Reader,-3.1254 ,56.1256
http://www.wikidata.org/entity/Q43912102,James Grierson,Ormiston,Male,Reader,-2.94306 ,55.9122
http://www.wikidata.org/entity/Q43913626,Alexander Crowlie,Bo'ness,Male,Sailor,-3.608911111 ,56.016811111
http://www.wikidata.org/entity/Q43913587,Andrew Burnside,Bo'ness,Male,Sailor,-3.608911111 ,56.016811111
http://www.wikidata.org/entity/Q43915570,David Clerk,Dysart,Male,Sailor,-3.1254 ,56.1256
http://www.wikidata.org/entity/Q43913588,James Cassillis,Bo'ness,Male,Sailor,-3.608911111 ,56.016811111
http://www.wikidata.org/entity/Q43913615,James Gardener,Bo'ness,Male,Sailor,-3.608911111 ,56.016811111
http://www.wikidata.org/entity/Q43913623,John Thornbrow,Bo'ness,Male,Sailor,-3.608911111 ,56.016811111
http://www.wikidata.org/entity/Q43913602,Robert Mitchell,Bo'ness,Male,Sailor,-3.608911111 ,56.016811111
http://www.wikidata.org/entity/Q43913592,Thomas Knowes,Bo'ness,Male,Sailor,-3.608911111 ,56.016811111
http://www.wikidata.org/entity/Q43913402,Alexander Campbell,Dumfries,Male,Sheriff,-3.616666666 ,55.066666666
http://www.wikidata.org/entity/Q43912017,Alexander Crombie,Dunbar,Male,Sheriff,-2.522777777 ,55.998333333
http://www.wikidata.org/entity/Q43915042,Alexander Hammilton,Kinglassie,Male,Sheriff,-3.233333333 ,56.166666666
http://www.wikidata.org/entity/Q43912340,Archibald Douglas,"Cavers, Scottish Borders",Male,Sheriff,-2.7273 ,55.4324
http://www.wikidata.org/entity/Q43913059,Hugh Campbell,Nairn,Male,Sheriff,-3.866666666 ,57.583333333
http://www.wikidata.org/entity/Q43915653,Hugh Sempill,Renfrew,Male,Sheriff,-4.366666666 ,55.866666666
http://www.wikidata.org/entity/Q43913416,James Clerk,Fife,Male,Sheriff,-3.2 ,56.25
http://www.wikidata.org/entity/Q43911700,James MacGill,Cranston,Male,Sheriff,-2.9752 ,55.8846
http://www.wikidata.org/entity/Q43912845,James Murray,Perth,Male,Sheriff,-3.4317 ,56.3953
http://www.wikidata.org/entity/Q43914720,James Sinclair,Murkle,Male,Sheriff,-3.4435 ,58.5943
http://www.wikidata.org/entity/Q43915430,John Charters,Amisfield,Male,Sheriff,-3.56 ,55.12
http://www.wikidata.org/entity/Q43913411,John Falconer,Fife,Male,Sheriff,-3.2 ,56.25
http://www.wikidata.org/entity/Q43913391,John Matheson,Fife,Male,Sheriff,-3.2 ,56.25
http://www.wikidata.org/entity/Q43913184,John Urquhart,Cromarty,Male,Sheriff,-4.03701 ,57.6816
http://www.wikidata.org/entity/Q43915433,Robert Crichton,Dumfries,Male,Sheriff,-3.616666666 ,55.066666666
http://www.wikidata.org/entity/Q43915714,Robert Greirson,Lag,Male,Sheriff,-3.7422 ,55.0897
http://www.wikidata.org/entity/Q43912726,Robert Richardson,Haddington,Male,Sheriff,-2.78332 ,55.95612
http://www.wikidata.org/entity/Q43915729,Thomas Ker,Berwickshire,Male,Sheriff,-2.5 ,55.75
http://www.wikidata.org/entity/Q43915002,Walter Dundas,Linlithgow,Male,Sheriff,-3.610555555 ,55.975277777
http://www.wikidata.org/entity/Q43916057,Walter Urquhart,Cromarty,Male,Sheriff,-4.03701 ,57.6816
http://www.wikidata.org/entity/Q43915876,William Cochrane,Renfrew,Male,Sheriff,-4.366666666 ,55.866666666
http://www.wikidata.org/entity/Q43913521,William Dick,Edinburgh,Male,Sheriff,-3.1989 ,55.95
http://www.wikidata.org/entity/Q43913999,Alexander Grant,Inverness,Male,Sheriff Depute,-4.225833333 ,57.483888888
http://www.wikidata.org/entity/Q43912169,Donald MacDonald,Sleat,Male,Sheriff Depute,-5.93223 ,57.1102
http://www.wikidata.org/entity/Q43912168,Henry Home,Berwick-upon-Tweed,Male,Sheriff Depute,-2.0 ,55.7667
http://www.wikidata.org/entity/Q43910977,James Campbell,Caithness,Male,Sheriff Depute,-3.5 ,58.416666666
http://www.wikidata.org/entity/Q43915778,John Keith,Aberdeen,Male,Sheriff Depute,-2.1 ,57.15
http://www.wikidata.org/entity/Q43914147,Oliver Sinclair,Berwick-upon-Tweed,Male,Sheriff Depute,-2.0 ,55.7667
http://www.wikidata.org/entity/Q43909843,Thomas Leslie,Aberdeen,Male,Sheriff Depute,-2.1 ,57.15
http://www.wikidata.org/entity/Q43913400,William Heriot,Dumfries,Male,Sheriff Depute,-3.616666666 ,55.066666666
http://www.wikidata.org/entity/Q43913756,Nicholas Proddy,Edinburgh,Male,Surgeon,-3.1989 ,55.95
http://www.wikidata.org/entity/Q43913611,Robert Brontein,Bo'ness,Male,Tailor,-3.608911111 ,56.016811111
http://www.wikidata.org/entity/Q43910820,George Cockburn,Haddington,Male,Treasurer,-2.78332 ,55.95612
http://www.wikidata.org/entity/Q43913149,Rory Bain,"Tulloch, Perth and Kinross",Male,Tutor,-3.468 ,56.413
http://www.wikidata.org/entity/Q43913213,William Sandilands,Mid Calder,Male,Tutor,-3.481 ,55.8918
http://www.wikidata.org/entity/Q43915900,Andrew Wallace,Fala,Male,Weaver,-2.88333 ,55.8333
http://www.wikidata.org/entity/Q43912030,David Cowan,Prestonpans,Male,Witch-pricker,-2.961 ,55.9597
http://www.wikidata.org/entity/Q43911521,George Cathie,Tranent,Male,Witch-pricker,-2.95417 ,55.9447
http://www.wikidata.org/entity/Q43915540,James Scobie,Musselburgh,Male,Witch-pricker,-3.0472 ,55.9433
http://www.wikidata.org/entity/Q43911149,Thomas Crawford,Tranent,Male,Witch-pricker,-2.95417 ,55.9447
http://www.wikidata.org/entity/Q43913717,William Scobie,Musselburgh,Male,Witch-pricker,-3.0472 ,55.9433
http://www.wikidata.org/entity/Q43915967,John Bull,Prestonpans,Male,Workman,-2.961 ,55.9597
http://www.wikidata.org/entity/Q43915849,James Wyseman,Elgin,Male,Writer,-3.315277777 ,57.646388888
http://www.wikidata.org/entity/Q43913545,William Cockburn,Keith,Male,Writer,-2.9555 ,57.5428
